{
  "mse_loss": 1.3180025815963745,
  "explained_variance": 0.982419066005863,
  "l0": 32.0,
  "alive_features": 940,
  "d_model": 2304,
  "d_sae": 16384,
  "k": 32,
  "expansion": 4,
  "epochs_trained": 100,
  "best_loss": 1.3531885250754978,
  "loss_history": [
    90.27454998182213,
    79.88997202334197,
    68.1420084911844,
    58.149541709734045,
    45.663413338039234,
    33.470730118129566,
    25.205454432446025,
    16.99664358470751,
    11.475432582523512,
    7.61970215258391,
    5.497574992801832,
    4.260516218517138,
    3.468264683433201,
    3.032822785170182,
    2.7803063807280166,
    2.617794524068418,
    2.5185215265854546,
    2.4594074850497036,
    2.371017849963644,
    2.2968822354855747,
    2.250766287679258,
    2.209110633186672,
    2.177306221879047,
    2.139735688333926,
    2.111377451730811,
    2.0875892690990283,
    2.0183043946390566,
    1.9941007624501768,
    2.0042342154876045,
    2.03708931674128,
    1.9607647346413655,
    1.9050454419592153,
    1.906136849652166,
    1.8718414099320122,
    1.8478097034537273,
    1.8248054670250935,
    1.8006360634513523,
    1.7840397720751555,
    1.7804417091867197,
    1.758724974549335,
    1.7338605238043743,
    1.7255078916964324,
    1.7130744301754495,
    1.7032904469448586,
    1.701348548350127,
    1.679785272349482,
    1.6642082981441333,
    1.6742643584375796,
    1.638978968495908,
    1.6377467642659727,
    1.6191307513610176,
    1.6153719943502676,
    1.6111473570699277,
    1.5913040326989216,
    1.5855969916219297,
    1.576794629511626,
    1.5583565649778948,
    1.5580273192861807,
    1.5537553144537883,
    1.548088058181431,
    1.5303106100662895,
    1.5328744857207588,
    1.5266849580018416,
    1.518855068994605,
    1.514950638232024,
    1.5104735623235288,
    1.5087197863537332,
    1.5309157216030618,
    1.5000521618386973,
    1.4876351097355718,
    1.4836474553398464,
    1.476317426432734,
    1.4732681875643523,
    1.4617076334745989,
    1.4649506081705508,
    1.453269828920779,
    1.4565264401228533,
    1.66871178150177,
    1.6980502087136973,
    1.5604228662407917,
    1.5304952393407407,
    1.4512089179909748,
    1.4233814218769902,
    1.4260662172151648,
    1.4206546389538308,
    1.4144841899042544,
    1.412004864734152,
    1.404405951499939,
    1.4090087206467339,
    1.3965181837911191,
    1.387849994327711,
    1.3889662597490393,
    1.37788072358007,
    1.383111419885055,
    1.3764123294664465,
    1.3772061493085779,
    1.376925043437792,
    1.3609588923661604,
    1.3562281079914258,
    1.3531885250754978
  ],
  "train_time_s": 1245.3533158302307,
  "n_training_activations": 2856,
  "model": "google/gemma-2-2b-it",
  "layer": 12,
  "architecture": "topk"
}