{
  "mse_loss": 469.88116455078125,
  "explained_variance": -0.03986952701830959,
  "l0": 32.0,
  "alive_features": 1295,
  "d_model": 640,
  "d_sae": 2560,
  "k": 32,
  "expansion": 4,
  "epochs_trained": 56,
  "best_loss": 462.5267524719238,
  "loss_history": [
    490.9282982867697,
    485.62976306417715,
    478.65957243546194,
    486.5524298626444,
    494.6024448560632,
    480.10623832370925,
    486.1311280623726,
    478.8864656531292,
    489.46114249851394,
    476.9386961563774,
    478.876044895338,
    473.9131675388502,
    490.0953601339589,
    483.50606039296025,
    479.6936207646909,
    487.39325249713403,
    481.07865739905316,
    471.54408065132475,
    476.49766009786856,
    476.4523819633152,
    480.45203963569975,
    481.8795530899711,
    481.0611804464589,
    473.50776539678156,
    475.1357083527938,
    486.33007547129756,
    478.0944645093835,
    468.8120820418648,
    466.7470046333645,
    476.1324084738026,
    466.6773323390795,
    467.01405931555706,
    471.60636686242145,
    464.14625499559486,
    470.6377241715141,
    479.36657383130944,
    485.3559052840523,
    464.73056660527766,
    479.77551435387653,
    473.44282000997794,
    462.5267524719238,
    464.92210587211275,
    467.9848347539487,
    466.8302526059358,
    468.57505201256794,
    463.4085414720618,
    478.1923788319463,
    467.8632918648098,
    471.96770178753394,
    477.6210738472317,
    465.9902284041695,
    472.75821121879244,
    470.7763743193253,
    467.8592171047045,
    471.2795232689899,
    474.196336829144
  ],
  "train_time_s": 12.15341830253601,
  "n_training_activations": 2877,
  "model": "google/gemma-3-270m-it",
  "layer": 0,
  "architecture": "topk"
}