{
  "mse_loss": 1.3360464572906494,
  "explained_variance": 0.9821724094669615,
  "l0": 32.0,
  "alive_features": 801,
  "d_model": 2304,
  "d_sae": 9216,
  "k": 32,
  "expansion": 4,
  "epochs_trained": 100,
  "best_loss": 1.3682544853376306,
  "loss_history": [
    90.43652841319208,
    83.01563271232273,
    67.26300753717837,
    54.27409852069357,
    41.068699878195055,
    30.06984694107719,
    21.050205562425695,
    13.954003437705662,
    8.84371835252513,
    5.907266554625138,
    4.34817125486291,
    3.532090933426567,
    3.114342285239178,
    2.8393814771071724,
    2.6675508229628853,
    2.566659181014351,
    2.5035018195276675,
    2.464667102564936,
    2.3815378728120224,
    2.3057488980500596,
    2.2646059056986934,
    2.2204464259354966,
    2.1557997620624043,
    2.1404051003248794,
    2.137433886528015,
    2.165163729501807,
    2.0632780220197593,
    2.046675982682601,
    2.0144757136054663,
    1.95194339233896,
    1.942650318145752,
    1.9295401573181152,
    1.8907746439394744,
    1.8751526189887004,
    1.85700465803561,
    1.8390153179997983,
    1.8329279889231143,
    1.8169587176779043,
    1.8375740673231042,
    1.8436251878738403,
    1.8043442653573079,
    1.790879223657691,
    1.7399245656054954,
    1.7227396394895471,
    1.7220266642777815,
    1.7078714318897412,
    1.6857246678808462,
    1.6712407599324766,
    1.6776663531427798,
    1.6580303700073906,
    1.6667182808337004,
    1.696216899415721,
    1.645560394162717,
    1.618765494097834,
    1.604458150656327,
    1.6042483889538308,
    1.5980063469513603,
    1.5827499109765757,
    1.590133143507916,
    1.6084910683009936,
    1.5712099386298137,
    1.5642536152964053,
    1.5471140975537507,
    1.5380926287692527,
    1.5443777882534524,
    1.5948874898578809,
    1.6017512808675352,
    1.5645580291748047,
    1.5041070088096287,
    1.5006419834883318,
    1.492881697157155,
    1.4853087093519128,
    1.4773359039555425,
    1.475077053774958,
    1.4908883364304253,
    1.503632716510607,
    1.4741548610770183,
    1.460678738096486,
    1.4601333866948667,
    1.4513297962105793,
    1.4608690116716467,
    1.4743516652480415,
    1.443499259326769,
    1.4331405059151028,
    1.4212240965470024,
    1.4209274986515874,
    1.4224111878353616,
    1.4195479102756665,
    1.4398685279099837,
    1.5385742032009622,
    1.6399773151978203,
    1.6163139498752097,
    1.5512292333271192,
    1.4988029106803562,
    1.4004540754401165,
    1.3870268282683,
    1.384995082150335,
    1.3707097561463066,
    1.3682544853376306,
    1.3705397896144702
  ],
  "train_time_s": 92.31307077407837,
  "n_training_activations": 2856,
  "model": "google/gemma-2-2b-it",
  "layer": 12,
  "architecture": "topk"
}